"#EraOfStruggles",1
"#AnkitGupta",1
"#FlawsomeShowm…RT",1
"#AP…RT",1
"#MohsenShekariRT",1
"#LoveIslandAU",1
"#loveislandTrump's",1
"#Aldi",1
"#39(-3)",1
"#61(-11)",1
"#iPad",1
"#Kantara",1
"#indianapolis",1
"#teamPr",1
"#nft",1
"#LFROW",1
"#GoFrogs",1
"#Putin:",1
"#GenocidePreventionDay;Remember",1
"#Tigraya'ns;For",1
"#MahsaAmini@MicahhParsons11",1
"#inflation",1
"#TrendingNow",1
"#riveting",1
"#plants",1
"#bookieDAO",1
"#ENS",1
"#Web3Names",1
"#EnsNames",1
"#WoW",1
"#extinction.",1
"#stormavail",1
"#mrbicoin",1
"#icerket",1
"#tradetid",1
"#uvebit",1
"#julysil",1
"#UBY",1
"#Shiloh2022RT",1
"#PreschoolSubstitute",1
"#Wailuku,",1
"#binance",1
"#TMC's",1
"#GenocidePreventionDay",1
"#LVvsLAR—",1
"#NowPlaying",1
"#ShivThakare",1
"#S…Life",1
"#ONHwys@NdurnzRdr",1
"#amphibia",1
"#sashawaybright",1
"#shivin",1
"#BB6StarShivin",1
"#GenocidePreventionDay;Tigray",1
"#YetToCome  is",1
"#BTS_Proof",1
"#BTS (@BTS_twt",1
"#amant",1
"#toronation",1
"#inclusionrevolution",1
"#WeAreAlport",1
"#Pathaan",1
"#Bes…@kate01___",1
"#nsfwtwtًً",1
"#ContentCreator",1
"#MohsenShekhari",1
"#StopExecutionsInIran",1
"#IranRevolution@pauljc1171",1
"#世界杯直播",1
"#世界杯下注",1
"#Libya",1
"#HoR",1
"#Benghazi",1
"#trumplon",1
"#1814",1
"#제이오원",1
"#REN",1
"#Tigray.For",1
"#원홋",1
"#SAM2022",1
"#Godspeed",1
"#ghost",1
"#ghostbc",1
"#ghostband",1
"#thebandghost",1
"#papaemeritus",1
"#papaemeritusiii",1
"#papaemeritus3",1
"#stream",1
"#share",1
"#SickestandDopest",1
"#OnlyPunk",1
"#BLOGLT1KF",1
"#LT1KF@Dark_Falcon7",1
"#HarryDunnRT",1
"#warmspace",1
"#LocalCauses",1
"#Itswhatwedo",1
"#8DaysofOnika",1
"#albedo",1
"#FlawsomeSho…@brandivandrews",1
"#JYPliigaRT",1
"#ThankYou",1
"#AptosMovers",1
"#Cetus",1
"#SABCS2022",1
"#pyrov2",1
"#Crypto",1
"#MinDH",1
"#AntiIndia",1
"#NBA",1
"#NHL",1
"#NCAA",1
"#baseball",1
"#Americanfootball",1
"#Americanfootballjersey",1
"#basketball",1
"#basketballJersey",1
"#GIVEAWAY",1
"#Kaspa@NetworkChin",1
"#coconut…RT",1
"#Gemini",1
"#France",1
"#HarryandMeghanNetflix",1
"#AbolishTheSussexes",1
"#PriyankaChaharChaudhary",1
"#Thailand",1
"#bookrecommendation",1
"#FreePaulWhalen",1
"#LeaveNoOneBehindRT",1
"#primetimeAs",1
"#indiana",1
"#rt",1
"#nftart",1
"#ExposeGroomers:",1
"#Russia",1
"#AliMoazzami",1
"#FED!",1
"#FED",1
"#StockMarket",1
"#beatbarrow",1
"#bbc",1
"#Milwaukee,",1
"#Odysee",1
"#AK",1
"#TheOffice",1
"#WorldOfWarcraft",1
"#Dragonflight",1
"#Twitc…RT",1
"#cardona",1
"#CIV",1
"#metaycoin",1
"#expmarks",1
"#mcsquare",1
"#sheh…No",1
"#BenedixRamos",1
"#PriyankaChaharChoudhury",1
"#NimritKaurAhluwalia",1
"#HempIsNotBangiRT",1
"#NCTDREAM",1
"#Heartstopper",1
"#9",1
"#ONHwys@Veronik01052480",1
"#WalkerIndependence",1
"#ActionCountersTerrorism",1
"#Anghami",1
"#southdakota.",1
"#CONGO",1
"#KUNGA",1
"#GetCashToRT",1
"#GhaniSyaani",1
"#biggbosstamil6",1
"#Tigray",1
"#21",1
"#2215",1
"#newpfp",1
"#hotwife",1
"#repthewood",1
"#fearthehowl",1
"#onthismountain",1
"#fearthehop",1
"#7",1
"#GujratElection2022",1
"#windussy",1
"#MahsaAmini",1
"#1.",1
"#2.",1
"#VengeanceDay",1
"#BSC",1
"#trump",1
"#ELONMUSK",1
"#ジェイオーワン",1
"#SuperCali",1
"#GenocidePreventionDay;",1
"#호시",1
"#원우",1
"#SonSözüEYTSöylerRT",1
"#5",1
"#Fakebook",1
"#RoadTo300",1
"#ghostfanart",1
"#digitalart",1
"#DigitalArtist",1
"#ArtistOnTwitter",1
"#follow",1
"#addtoyourplaylists",1
"#LessThan1000Followers",1
"#AlterindieStateOfMind",1
"#UnknowButEssentials",1
"#TigrayGenocide.",1
"#community",1
"#NickiMinaj",1
"#HappyBirthdayNickiMinaj",1
"#albedofanart",1
"#ComicCrusadersPodcast",1
"#PrivacyoniPhoneRT",1
"#TN…RT",1
"#pyro",1
"#PYROMATIC",1
"#B…i’m",1
"#Gujarat",1
"#AntiHindu",1
"#SonicPrime",1
"#Jersey",1
"#MLB",1
"#NFL",1
"#baseballjersey",1
"#Kasparmy",1
"#Ugwuanyi",1
"#blackchefsrock",1
"#5,000",1
"#I495",1
"#HarryandMeghanonNetflix",1
