,hashtags,count
0,#BiggBoss16,4
1,#WildFlower,3
2,#GenocidePreventionDay,3
3,#GenocidePreventionDay;,3
4,#Thunivu‚Ä¶RT,2
5,#TigrayGenocide,2
6,#ChillaChilla,2
7,#NFT,2
8,#SalmanKhan,2
9,#ShehnaazGill,2
10,#BTS,2
11,#Indigo,2
12,#Interview12-12-14,1
13,#BreakingNews,1
14,#ConservativeNews,1
15,#republican,1
16,#Fewcharians?!!!,1
17,"#HimachalPradeshElections,",1
18,#StillLife,1
19,#LoanCharge,1
20,#MohsenShekari,1
21,#popcorn,1
22,#3Dprinting,1
23,#Presale!!,1
24,#GirlTalkZA,1
25,#RIPJohnLennon@hoh0hObibobu,1
26,"#SahandNoorMohamadZadeh,",1
27,#LoveinTheAirSpecialEP,1
28,#Ethereum,1
29,#Polygon,1
30,#‰∏ñÁïåÊùØ‰∏ãÊ≥®,1
31,#Auschwitz,1
32,#Houthis,1
33,#ShutDown,1
34,#BopOfTheYear!@BraxKedren,1
35,#jeddah_massage,1
36,#Jeddah_Fullbodymassage,1
37,#Jeddahmassageservices,1
38,#jeddahmoroccanbath,1
39,#ShivTh‚Ä¶@WinamaxSport,1
40,#Tigraya'ns,1
41,#Thl,1
42,#LosarGift!,1
43,#ACCAmbulances,1
44,#Arrest,1
45,#Ê∑±Âú≥,1
46,#Â§©Ê¥•,1
47,#Launchpad,1
48,#Karabakh,1
49,#TdBradio,1
50,#GAM3Awards,1
51,#radiolantau,1
52,#hongkongsnumber1radiostation,1
53,#Thunivu!,1
54,#GOTCHI,1
55,#5089RT,1
56,#badgercull,1
57,#Ethiopian,1
58,#healthTech,1
59,#cSuite,1
60,#DiGiTALhealth,1
61,#CX,1
62,#eHealth,1
63,#CLOUd‚Ä¶M9,1
64,#1,1
65,#Á∫ø‰∏ã,1
66,#ÊñáÁà±,1
67,#DAO,1
68,#WAAA,1
69,#ETH,1
70,#Êé®ÁâπÂà∑Á≤â,1
71,#ChampsElysees,1
72,#Channel,1
73,#Intel,1
74,#FaceALinfo,1
75,#ShehnaazKaurGill,1
76,#MovieTalkies,1
77,#Tigray's,1
78,#artvsartist2022,1
79,#Cavs,1
80,#GIDLE,1
81,#BookieDAO,1
82,#Thunivu,1
83,#Pancakeswap,1
84,#BinanceRT,1
85,#EnergyInsights2022,1
86,#artistsontwitter,1
87,#AIArtwork,1
88,#aiia,1
89,#NFTCommunity,1
90,#127,1
91,#Dhana,1
92,#20,1
93,#40,1
94,#RobSchneider,1
95,#conservative,1
96,#trump,1
97,#GujaratAssemblyPolls,1
98,"#Cablegate,",1
99,#disabilities,1
100,#MygzBday_MeetAndGreet‚Ä¶@CryptoAnglio,1
101,#MahsaAminiRT,1
102,#TPMPRT,1
103,#TheLastOfUs,1
104,#DontSayGay,1
105,#BrittneyGriner.,1
106,#Tigray,1
107,#Sunshine,1
108,#Now,1
109,#AskTheS‚Ä¶RT,1
110,#bullish@stillgray,1
111,#GirlsTalkZA,1
112,#durbanmua‚Ä¶@boweryballroom,1
113,#jhope's,1
114,#Hybefailedjhope,1
115,#Kerala,1
116,#SUPERJUNIOR,1
117,#Greenpeace,1
118,#ËµåÁêÉÂπ≥Âè∞,1
119,#Jeddah_massageTherapist,1
120,#MahsaAmini,1
121,#SOIL-Healthy,1
122,#MyHeroAcademia,1
123,#FIFAWorldCup,1
124,#‰∏äÊµ∑,1
125,#Suiecosystem,1
126,#Meadow,1
127,#MeadowLaunchRT,1
128,#PneumaAt5,1
129,#BoldandtheBeautiful@GeraldoRivera,1
130,#ArmenianArmy,1
131,#DriveFor5,1
132,#hongkongRT,1
133,#Flawsom‚Ä¶@vanesamirandavv,1
134,#BestOfTheYear,1
135,#EritreaOutOfTigray,1
136,#SmartCity,1
137,#dataScientist,1
138,#WEb3,1
139,#finServ,1
140,#Âé¶Èó®,1
141,#ÈûçÂ±±,1
142,#ÊΩÆÂ∑û,1
143,#FNAF,1
144,#Ë£∏ËÅä,1
145,#Á¶èÂà©Âß¨ty,1
146,#Creatory,1
147,#jaihonte,1
148,#cetteviela@Iss__34,1
149,#Telegram,1
150,#NEWSüåç,1
151,#Q,1
152,#GhaniSyaani,1
153,#Shehnaazians,1
154,#TheDoors,1
155,#JimMorrison,1
156,#ÁôæÂÆ∂‰πê,1
157,#Ë∂≥ÁêÉ,1
158,#Tigraya‚Äôns,1
159,#Twtzer,1
160,#187,1
161,#NFTs,1
162,#aiartist¬†#aiart,1
163,#stablediffusion,1
164,#JoeOblivious@broysh__,1
165,#NCT127,1
166,#ShehnaazGiII,1
167,#Meter,1
168,#crypt‚Ä¶RT,1
